timestamp,prompt,response,latency,model_version,prompt_template,user_feedback,hallucination
1756023720.2756467,What is Data Science? Explain the significance of Data Science in today's data Driven world.,"**What is Data Science?**

Data Science is an interdisciplinary field that combines computer science, statistics, and domain-specific knowledge to extract insights and knowledge from data. It involves the use of various techniques, including machine learning, data mining, and statistical analysis, to extract meaningful patterns and relationships from complex data sets. Data Science is a holistic approach to data analysis that aims to improve decision-making, drive business growth, and solve complex problems.

**Key Components of Data Science:**

1. **Data**: Data is the foundation of Data Science. It involves collecting, processing, and analyzing large amounts of data from various sources.
2. **Tools and Techniques**: Data Science relies on a range of tools and techniques, including machine learning algorithms, data mining, statistical analysis, and visualization.
3. **Domain Knowledge**: Data Science requires a deep understanding of the domain or business problem being addressed.
4. **Communication**: Effective communication of insights and findings is critical in Data Science.

**Significance of Data Science in Today's Data-Driven World:**

1. **Decision-Making**: Data Science provides actionable insights that inform business decisions, improving efficiency, and reducing risk.
2. **Competitive Advantage**: Organizations that leverage Data Science gain a competitive edge in their industries.
3. **Innovation**: Data Science fosters innovation by identifying new opportunities, products, and services.
4. **Risk Management**: Data Science helps organizations mitigate risks by identifying potential threats and opportunities.
5. **Improved Customer Experience**: Data Science enables organizations to better understand customer behavior, preferences, and needs.
6. **Cost Savings**: Data Science can help organizations reduce costs by optimizing processes, identifying areas of waste, and improving resource allocation.

**Applications of Data Science:**

1. **Predictive Maintenance**: Predicting equipment failures to reduce downtime and maintenance costs.
2. **Customer Segmentation**: Identifying high-value customer segments for targeted marketing and sales efforts.
3. **Supply Chain Optimization**: Analyzing supply chain data to improve inventory management, logistics, and delivery times.
4. **Personalized Medicine**: Using genomics and other data sources to develop personalized treatment plans.
5. **Fraud Detection**: Identifying and preventing financial crimes, such as credit card fraud and money laundering.

**Conclusion:**

Data Science is a critical component of today's data-driven world. By leveraging data, tools, and techniques, organizations can gain a competitive edge, improve decision-making, and drive innovation. As the volume and complexity of data continue to grow, the importance of Data Science will only continue to increase.",7.876,meta-llama/Meta-Llama-3-8B-Instruct,Default,üëç,False
1756023859.6138458,What is Data Science? Explain the significance of Data Science in today's data Driven world.,"**What is Data Science?**

Data Science is a multidisciplinary field that combines statistics, computer science, and domain-specific knowledge to extract insights and meaningful patterns from large and complex datasets. It involves the use of machine learning algorithms, statistical modeling, and data visualization to extract insights and make informed decisions.

Data Science involves several key activities, including:

1. **Data Collection**: Gathering data from various sources, such as databases, files, and external data sources.
2. **Data Cleaning**: Ensuring the quality and integrity of the data by handling missing values, outliers, and inconsistencies.
3. **Data Analysis**: Using statistical and machine learning techniques to extract insights and patterns from the data.
4. **Data Visualization**: Presenting the findings in a clear and understandable manner using visualizations, reports, and dashboards.
5. **Modeling**: Developing and validating predictive models to forecast future events and make informed decisions.

**Significance of Data Science in Today's Data-Driven World**

Data Science has become a crucial aspect of modern business, healthcare, finance, and government operations. Here are some reasons why:

1. **Decision-Making**: Data Science provides organizations with the ability to make informed decisions based on data-driven insights, reducing the risk of costly mistakes.
2. **Competitive Advantage**: Companies that leverage Data Science are better equipped to compete in today's fast-paced, data-driven market.
3. **Innovation**: Data Science enables organizations to identify new business opportunities, improve processes, and develop innovative products and services.
4. **Cost Savings**: Data Science can help organizations optimize costs, reduce waste, and improve efficiency.
5. **Improved Customer Experience**: Data Science enables companies to understand customer behavior, preferences, and needs, leading to better customer service and loyalty.

**Key Applications of Data Science**

1. **Predictive Analytics**: Using machine learning algorithms to forecast future events, such as customer churn, sales, and demand.
2. **Recommendation Systems**: Developing personalized recommendations based on customer behavior and preferences.
3. **Risk Management**: Identifying potential risks and developing strategies to mitigate them.
4. **Marketing Automation**: Using data science to optimize marketing campaigns, improve lead generation, and enhance customer engagement.
5. **Healthcare Analytics**: Analyzing medical data to improve patient outcomes, optimize treatment plans, and reduce healthcare costs.

**Conclusion**

Data Science has transformed the way organizations operate, making it possible to extract insights from large datasets and make informed decisions. Its significance in today's data-driven world cannot be overstated, and its applications continue to grow in various industries. As data continues to grow, Data Science will play an increasingly important role in driving business success, innovation, and growth.",8.314,meta-llama/Meta-Llama-3-8B-Instruct,Default,üëç,False
1756023942.6210752,What is Data Science? Explain the significance of Data Science in today's data Driven world.,"**What is Data Science?**

Data Science is a multidisciplinary field that combines various techniques, tools, and methodologies to extract insights and knowledge from data. It involves collecting, processing, analyzing, and interpreting complex data to gain a deeper understanding of a problem, phenomenon, or business process. Data Science encompasses a wide range of disciplines, including statistics, mathematics, computer science, machine learning, and domain-specific knowledge.

Data Science involves the following key components:

1. **Data Collection**: Gathering data from various sources, such as databases, files, or external data providers.
2. **Data Cleaning**: Ensuring the quality and integrity of the data by handling missing values, outliers, and inconsistencies.
3. **Data Transformation**: Converting data into a suitable format for analysis, such as aggregating, filtering, or normalizing data.
4. **Data Analysis**: Applying statistical and machine learning techniques to identify patterns, trends, and correlations in the data.
5. **Data Visualization**: Presenting insights and findings in a clear and concise manner, using visualizations, reports, or dashboards.
6. **Modeling**: Developing and validating predictive models to make informed decisions or forecasts.

**Significance of Data Science in today's data-driven world**

In today's data-driven world, Data Science has become a crucial component of business strategy, innovation, and decision-making. Here are some reasons why Data Science is significant:

1. **Decision-making**: Data Science provides insights and predictions that inform business decisions, enabling organizations to make data-driven choices.
2. **Competitive advantage**: Companies that leverage Data Science can gain a competitive edge by identifying new opportunities, predicting market trends, and optimizing operations.
3. **Innovation**: Data Science enables organizations to develop new products, services, and business models, driving innovation and growth.
4. **Improved efficiency**: Data Science helps optimize processes, reduce costs, and enhance customer experiences, leading to increased efficiency and productivity.
5. **Risk management**: Data Science can help identify and mitigate risks, ensuring compliance with regulations and minimizing potential losses.
6. **Customer engagement**: Data Science enables organizations to understand customer behavior, preferences, and needs, leading to more effective marketing and customer service.
7. **Scientific research**: Data Science contributes to the advancement of scientific research, allowing researchers to analyze large datasets, identify patterns, and make new discoveries.
8. **Public health**: Data Science plays a critical role in public health, enabling the analysis of health data to identify trends, predict outbreaks, and develop effective interventions.
9. **Environmental sustainability**: Data Science helps organizations understand and mitigate their environmental impact, promoting sustainable practices and reducing waste.
10. **Economic growth**: Data Science contributes to economic growth by enabling businesses to make informed decisions, optimize resources, and innovate new products and services.

In conclusion, Data Science is a critical component of today's data-driven world, providing insights, predictions, and recommendations that inform business decisions, drive innovation, and promote economic growth.",9.065,meta-llama/Meta-Llama-3-8B-Instruct,Default,üëç,False
1756024073.5454762,What is Data Science? Explain the significance of Data Science in today's data Driven world.,"**What is Data Science?**

Data Science is a multidisciplinary field that combines aspects of computer science, statistics, and domain expertise to extract insights and knowledge from structured and unstructured data. It involves the process of collecting, processing, analyzing, and interpreting large datasets to gain meaningful insights and make informed decisions.

Data Science encompasses various techniques and tools from machine learning, artificial intelligence, data mining, and statistical analysis to extract patterns, trends, and correlations from data. It involves:

1. **Data Collection**: Gathering data from various sources, including databases, APIs, and web scraping.
2. **Data Cleaning**: Ensuring data quality by handling missing values, outliers, and inconsistencies.
3. **Data Analysis**: Applying statistical and machine learning techniques to extract insights and patterns.
4. **Data Visualization**: Representing data in a clear and concise manner to facilitate understanding and communication.
5. **Model Evaluation**: Assessing the performance and accuracy of models to inform decision-making.

**Significance of Data Science in today's data-driven world**

Data Science is crucial in today's data-driven world for several reasons:

1. **Decision-making**: Data Science provides actionable insights that inform business decisions, policy-making, and strategic planning.
2. **Competitive advantage**: Organizations that leverage Data Science can gain a competitive edge by making data-driven decisions and anticipating market trends.
3. **Improved customer experience**: Data Science enables businesses to personalize products and services, leading to increased customer satisfaction and loyalty.
4. **Risk management**: Data Science helps organizations identify and mitigate risks by analyzing large datasets and predicting potential outcomes.
5. **Innovation**: Data Science fuels innovation by providing insights that can lead to new product development, business models, and revenue streams.

Some real-world examples of Data Science in action include:

1. **Netflix's recommender system**: Uses Data Science to personalize movie and TV show recommendations based on user behavior.
2. **Google's self-driving cars**: Leverages Data Science to analyze sensor data and make decisions about navigation and safety.
3. **Amazon's predictive maintenance**: Uses Data Science to predict equipment failures and schedule maintenance, reducing downtime and increasing efficiency.
4. **Healthcare**: Data Science is used in personalized medicine, disease diagnosis, and treatment recommendations.
5. **Finance**: Data Science is applied in risk management, portfolio optimization, and credit scoring.

In summary, Data Science is a critical discipline that enables organizations to extract insights and knowledge from data, driving informed decision-making and innovation in today's data-driven world.",7.48,meta-llama/Meta-Llama-3-8B-Instruct,Default,üëç,False
1756024244.7238166,What is Data Science? Explain the significance of Data Science in today's data Driven world.,"**What is Data Science?**

Data Science is an interdisciplinary field that combines aspects of computer science, statistics, and domain-specific knowledge to extract insights and knowledge from data. It involves using various techniques, including machine learning, data mining, visualization, and statistical analysis, to understand complex data patterns and make informed decisions. Data Science aims to extract value from data by identifying patterns, trends, and correlations, and using this knowledge to drive business decisions, solve real-world problems, or create innovative products and services.

**The Significance of Data Science in Today's Data-Driven World**

In today's data-driven world, Data Science has become a critical component of any organization's success. The significance of Data Science can be seen in several areas:

1.  **Informed Decision Making**: Data Science provides organizations with the ability to make data-driven decisions, reducing the risk of relying on intuition or anecdotal evidence.
2.  **Competitive Advantage**: Organizations that can effectively harness the power of data can gain a competitive advantage in their industry, driving innovation and growth.
3.  **Improved Customer Experience**: Data Science enables organizations to better understand their customers, tailoring products and services to meet their needs and preferences.
4.  **Operational Efficiency**: Data Science can help organizations optimize their operations, reducing costs and improving productivity.
5.  **Risk Management**: Data Science helps organizations identify and mitigate potential risks, such as financial, operational, or security risks.
6.  **Innovation**: Data Science enables organizations to develop new products, services, and business models, driving innovation and growth.
7.  **Digital Transformation**: Data Science is a key enabler of digital transformation, helping organizations to leverage technology to drive business success.

**Key Skills Required for Data Science**

To become a successful Data Scientist, you'll need to possess a combination of technical, business, and soft skills, including:

1.  **Programming skills**: Familiarity with programming languages, such as Python, R, or SQL.
2.  **Data analysis and visualization**: Knowledge of data analysis and visualization tools, such as pandas, NumPy, Matplotlib, and Seaborn.
3.  **Machine learning**: Familiarity with machine learning algorithms and libraries, such as scikit-learn, TensorFlow, or PyTorch.
4.  **Statistical knowledge**: Understanding of statistical concepts, such as hypothesis testing, confidence intervals, and regression analysis.
5.  **Business acumen**: Familiarity with business principles, such as marketing, finance, and operations.
6.  **Communication skills**: Ability to effectively communicate complex data insights to non-technical stakeholders.
7.  **Domain expertise**: Familiarity with a specific industry or domain, such as healthcare, finance, or retail.

**Conclusion**

Data Science is a critical component of any organization's success in today's data-driven world. By leveraging the power of data, organizations can drive innovation, growth, and operational efficiency. To become a successful Data Scientist, you'll need to possess a combination of technical, business, and soft skills. With the right skills and knowledge, you can unlock the full potential of data and drive business success.",9.457,meta-llama/Meta-Llama-3-8B-Instruct,Default,üëç,False
